{"loss":{"0":1.9627916813,"1":1.4084627628},"accuracy":{"0":0.8645833135,"1":0.9083333611},"val_loss":{"0":0.9640599489,"1":0.9640599489},"val_accuracy":{"0":0.9375,"1":0.9375},"epoch":{"0":0,"1":1}}