{"loss":{"0":1.1474951506,"1":1.1448204517},"accuracy":{"0":0.9203125238,"1":0.92578125},"val_loss":{"0":1.196741581,"1":1.1967411041},"val_accuracy":{"0":0.9224151969,"1":0.9224151969},"epoch":{"0":0,"1":1}}