{"loss":{"0":6.1023583412,"1":4.3882055283,"2":3.4480381012,"3":2.2193436623,"4":2.3084249496,"5":1.4377375841,"6":1.2480071783,"7":1.2725498676,"8":1.1789978743,"9":1.1552284956,"10":1.4318481684,"11":1.2104805708,"12":1.2109465599,"13":1.0783084631,"14":1.0194513798,"15":1.1599404812,"16":1.2133110762,"17":1.2107249498,"18":1.0441277027,"19":1.155400157,"20":1.0716458559,"21":1.1587692499,"22":1.0438703299,"23":1.1835032701,"24":1.0761187077,"25":1.0183229446,"26":1.0491716862,"27":1.1298069954,"28":0.9929531217,"29":1.0459290743,"30":1.0958307981,"31":1.0518395901,"32":1.0227600336,"33":1.0774250031,"34":1.1935522556,"35":1.0565438271,"36":1.019997716,"37":0.9653322101,"38":1.0717258453,"39":0.9866150618,"40":1.0174380541,"41":1.0460768938,"42":1.0226742029,"43":0.9915902615,"44":1.0778182745,"45":1.074696064,"46":0.991204679,"47":1.0158381462,"48":0.9905929565,"49":1.0196076632},"accuracy":{"0":0.5802083611,"1":0.6877604127,"2":0.7599372268,"3":0.8372395635,"4":0.8386506438,"5":0.8992187381,"6":0.9137029052,"7":0.9083333611,"8":0.9229166508,"9":0.9229166508,"10":0.9046875238,"11":0.9138020873,"12":0.9192708135,"13":0.9247395992,"14":0.9283854365,"15":0.9174479246,"16":0.9174479246,"17":0.9156249762,"18":0.9320312738,"19":0.9192708135,"20":0.9247395992,"21":0.9229166508,"22":0.9302083254,"23":0.9210250974,"24":0.9283854365,"25":0.9338541627,"26":0.9283854365,"27":0.9265624881,"28":0.9302083254,"29":0.9320312738,"30":0.9265624881,"31":0.9247395992,"32":0.9320083857,"33":0.9265624881,"34":0.9156249762,"35":0.9283854365,"36":0.9320312738,"37":0.9356771111,"38":0.9283854365,"39":0.9356771111,"40":0.9338541627,"41":0.9320312738,"42":0.9320312738,"43":0.9320312738,"44":0.9283854365,"45":0.9283854365,"46":0.9356771111,"47":0.9338541627,"48":0.9356771111,"49":0.9320312738},"val_loss":{"0":2.0557410717,"1":0.9988564849,"2":0.9806547165,"3":0.9813978076,"4":0.9640599489,"5":0.9729244113,"6":0.9640599489,"7":0.9729244113,"8":0.9640599489,"9":0.9640599489,"10":0.9640599489,"11":0.9640599489,"12":0.9640599489,"13":0.9640599489,"14":0.9640599489,"15":0.9729243517,"16":0.9640599489,"17":0.9640599489,"18":0.9640599489,"19":0.9640599489,"20":0.9640599489,"21":0.964222908,"22":0.9640599489,"23":0.9640599489,"24":0.9640599489,"25":0.9640599489,"26":0.9640599489,"27":0.9640599489,"28":0.9640599489,"29":0.9640599489,"30":0.9729244113,"31":0.9640599489,"32":0.9640599489,"33":0.9640599489,"34":0.9640599489,"35":0.9640599489,"36":0.9640599489,"37":0.9640599489,"38":0.9640599489,"39":0.9640599489,"40":0.9640599489,"41":0.9640599489,"42":0.9640599489,"43":0.9640599489,"44":0.9640599489,"45":0.9640599489,"46":0.9640599489,"47":0.9640599489,"48":0.9640599489,"49":0.9640599489},"val_accuracy":{"0":0.8246343136,"1":0.9328457713,"2":0.9357546568,"3":0.9357546568,"4":0.9375,"5":0.9369181991,"6":0.9375,"7":0.9369181991,"8":0.9375,"9":0.9375,"10":0.9375,"11":0.9375,"12":0.9375,"13":0.9375,"14":0.9375,"15":0.9369181991,"16":0.9375,"17":0.9375,"18":0.9375,"19":0.9375,"20":0.9375,"21":0.9369181991,"22":0.9375,"23":0.9375,"24":0.9375,"25":0.9375,"26":0.9375,"27":0.9375,"28":0.9375,"29":0.9375,"30":0.9369181991,"31":0.9375,"32":0.9375,"33":0.9375,"34":0.9375,"35":0.9375,"36":0.9375,"37":0.9375,"38":0.9375,"39":0.9375,"40":0.9375,"41":0.9375,"42":0.9375,"43":0.9375,"44":0.9375,"45":0.9375,"46":0.9375,"47":0.9375,"48":0.9375,"49":0.9375},"epoch":{"0":0,"1":1,"2":2,"3":3,"4":4,"5":5,"6":6,"7":7,"8":8,"9":9,"10":10,"11":11,"12":12,"13":13,"14":14,"15":15,"16":16,"17":17,"18":18,"19":19,"20":20,"21":21,"22":22,"23":23,"24":24,"25":25,"26":26,"27":27,"28":28,"29":29,"30":30,"31":31,"32":32,"33":33,"34":34,"35":35,"36":36,"37":37,"38":38,"39":39,"40":40,"41":41,"42":42,"43":43,"44":44,"45":45,"46":46,"47":47,"48":48,"49":49}}