{"loss":{"0":3.9157187939,"1":3.6465563774,"2":2.2958741188,"3":2.0555157661,"4":2.1025857925,"5":2.1632418633,"6":2.0800766945,"7":1.8225150108,"8":1.9050120115,"9":2.3041965961,"10":1.7690614462,"11":2.3250937462,"12":1.8250911236,"13":1.3611873388,"14":1.1298575401,"15":1.2110464573,"16":1.2174470425,"17":1.2418113947,"18":1.1850730181,"19":1.1101664305,"20":1.1039260626,"21":1.1332386732,"22":1.0196096897,"23":1.0481077433,"24":1.0751601458,"25":1.1584857702,"26":1.0742000341,"27":1.1859489679,"28":1.0476772785,"29":1.1029353142,"30":0.990747869,"31":1.1014173031,"32":1.1029353142,"33":1.1029353142,"34":1.0473848581,"35":1.2118256092,"36":1.1029353142,"37":1.0497637987,"38":1.103931427,"39":1.0751601458,"40":1.0751601458,"41":1.1017149687,"42":1.0181488991,"43":1.1025676727,"44":1.0498864651,"45":1.0459998846,"46":1.0196096897,"47":1.0181014538,"48":1.0753263235,"49":0.961245656},"accuracy":{"0":0.7416318059,"1":0.7544456124,"2":0.8445312381,"3":0.8591145873,"4":0.8609374762,"5":0.8536458611,"6":0.862447679,"7":0.8791666627,"8":0.8718749881,"9":0.8459727764,"10":0.8809896111,"11":0.8445312381,"12":0.8809896111,"13":0.91015625,"14":0.9265624881,"15":0.9210937619,"16":0.9156249762,"17":0.9192708135,"18":0.9229166508,"19":0.9265624881,"20":0.9265624881,"21":0.9229166508,"22":0.9338541627,"23":0.9302083254,"24":0.9302083254,"25":0.9247395992,"26":0.9283854365,"27":0.9228556752,"28":0.9302083254,"29":0.9283854365,"30":0.9356771111,"31":0.9283854365,"32":0.9283854365,"33":0.9283854365,"34":0.9320312738,"35":0.9210937619,"36":0.9283854365,"37":0.9302083254,"38":0.9247395992,"39":0.9302083254,"40":0.9302083254,"41":0.9265624881,"42":0.9338541627,"43":0.9265624881,"44":0.9301778078,"45":0.9320312738,"46":0.9338541627,"47":0.9338541627,"48":0.9283854365,"49":0.9375},"val_loss":{"0":0.9724521041,"1":0.9640599489,"2":0.9640599489,"3":0.9640599489,"4":0.9640599489,"5":0.9640599489,"6":0.9640599489,"7":0.9640599489,"8":0.9640599489,"9":0.9640599489,"10":0.9640599489,"11":0.9640599489,"12":0.9640599489,"13":0.9640599489,"14":0.9640599489,"15":0.9640599489,"16":0.9640599489,"17":0.9640599489,"18":0.9640599489,"19":0.9640599489,"20":0.9640599489,"21":0.9640599489,"22":0.9640599489,"23":0.9640599489,"24":0.9640599489,"25":0.9640599489,"26":0.9640599489,"27":0.9640599489,"28":0.9640599489,"29":0.9640599489,"30":0.9640599489,"31":0.9640599489,"32":0.9640599489,"33":0.9640599489,"34":0.9640599489,"35":0.9640599489,"36":0.9640599489,"37":0.9640599489,"38":0.9640599489,"39":0.9640599489,"40":0.9640599489,"41":0.9640599489,"42":0.9640599489,"43":0.9640599489,"44":0.9640599489,"45":0.9640599489,"46":0.9640599489,"47":0.9640599489,"48":0.9640599489,"49":0.9640599489},"val_accuracy":{"0":0.9369181991,"1":0.9375,"2":0.9375,"3":0.9375,"4":0.9375,"5":0.9375,"6":0.9375,"7":0.9375,"8":0.9375,"9":0.9375,"10":0.9375,"11":0.9375,"12":0.9375,"13":0.9375,"14":0.9375,"15":0.9375,"16":0.9375,"17":0.9375,"18":0.9375,"19":0.9375,"20":0.9375,"21":0.9375,"22":0.9375,"23":0.9375,"24":0.9375,"25":0.9375,"26":0.9375,"27":0.9375,"28":0.9375,"29":0.9375,"30":0.9375,"31":0.9375,"32":0.9375,"33":0.9375,"34":0.9375,"35":0.9375,"36":0.9375,"37":0.9375,"38":0.9375,"39":0.9375,"40":0.9375,"41":0.9375,"42":0.9375,"43":0.9375,"44":0.9375,"45":0.9375,"46":0.9375,"47":0.9375,"48":0.9375,"49":0.9375},"epoch":{"0":0,"1":1,"2":2,"3":3,"4":4,"5":5,"6":6,"7":7,"8":8,"9":9,"10":10,"11":11,"12":12,"13":13,"14":14,"15":15,"16":16,"17":17,"18":18,"19":19,"20":20,"21":21,"22":22,"23":23,"24":24,"25":25,"26":26,"27":27,"28":28,"29":29,"30":30,"31":31,"32":32,"33":33,"34":34,"35":35,"36":36,"37":37,"38":38,"39":39,"40":40,"41":41,"42":42,"43":43,"44":44,"45":45,"46":46,"47":47,"48":48,"49":49}}