{"loss":{"0":3.1833984852,"1":1.0751601458},"accuracy":{"0":0.7916666865,"1":0.9302083254},"val_loss":{"0":0.9640599489,"1":0.9640599489},"val_accuracy":{"0":0.9375,"1":0.9375},"epoch":{"0":0,"1":1}}