{"loss":{"0":3.6697163582,"1":0.9640592337},"accuracy":{"0":0.7552083135,"1":0.9375},"val_loss":{"0":0.9640599489,"1":0.9640599489},"val_accuracy":{"0":0.9375,"1":0.9375},"epoch":{"0":0,"1":1}}