{"loss":{"0":8.1824293137,"1":6.2488832474,"2":3.053581953,"3":2.6553866863,"4":2.3303995132,"5":2.2989506721,"6":1.7954751253,"7":1.6319174767,"8":1.6266860962,"9":1.687713027,"10":1.4899455309,"11":1.6293354034,"12":1.4101721048,"13":1.4672350883,"14":1.3535897732,"15":1.3243427277,"16":1.5741746426,"17":1.1603443623,"18":1.2108974457,"19":1.216078639,"20":1.3512417078,"21":1.1894110441,"22":1.1850787401,"23":1.1576524973,"24":1.0757652521,"25":1.2140363455,"26":1.1032884121,"27":1.2145932913,"28":1.1307104826,"29":1.2973619699,"30":1.0741009712,"31":1.4084627628,"32":1.1584857702,"33":1.0190702677,"34":1.1280636787,"35":1.2138882875,"36":1.1303348541,"37":1.2695868015,"38":1.074200511,"39":1.0769802332,"40":1.0751601458,"41":1.0744944811,"42":1.2151447535,"43":1.1009401083,"44":1.1572176218,"45":1.1300379038,"46":1.0751601458,"47":1.1856330633,"48":1.1307106018,"49":1.2162487507},"accuracy":{"0":0.4598958194,"1":0.5765625238,"2":0.7934895754,"3":0.8244791627,"4":0.8427083492,"5":0.8481770754,"6":0.8755208254,"7":0.8901041746,"8":0.8937500119,"9":0.8846353889,"10":0.9010416865,"11":0.8919270635,"12":0.9028645754,"13":0.9027196765,"14":0.91015625,"15":0.9138020873,"16":0.8973958492,"17":0.9228556752,"18":0.9210250974,"19":0.9192708135,"20":0.91015625,"21":0.9210937619,"22":0.9229166508,"23":0.9228556752,"24":0.9283854365,"25":0.9210937619,"26":0.9265167117,"27":0.9192708135,"28":0.9265624881,"29":0.9156249762,"30":0.9301778078,"31":0.9083333611,"32":0.9247395992,"33":0.9320312738,"34":0.9265624881,"35":0.9192708135,"36":0.9247395992,"37":0.9174479246,"38":0.9302083254,"39":0.9283854365,"40":0.9302083254,"41":0.9302083254,"42":0.9191945791,"43":0.9283854365,"44":0.9247395992,"45":0.9247395992,"46":0.9302083254,"47":0.9229166508,"48":0.9265624881,"49":0.9174479246},"val_loss":{"0":8.8679771423,"1":1.0532979965,"2":0.9729244113,"3":0.9725371599,"4":0.9729244113,"5":0.9636167288,"6":0.9729244113,"7":0.9724792838,"8":0.9729244113,"9":0.9640599489,"10":0.9729244113,"11":0.9637437463,"12":0.9640599489,"13":0.9640599489,"14":0.9640599489,"15":0.9640599489,"16":0.9640599489,"17":0.9640599489,"18":0.9640599489,"19":0.9640599489,"20":0.9640599489,"21":0.9640599489,"22":0.9640599489,"23":0.9640599489,"24":0.9640599489,"25":0.9640599489,"26":0.9640599489,"27":0.9640599489,"28":0.9640599489,"29":0.9640599489,"30":0.9729244113,"31":0.9640599489,"32":0.9636865258,"33":0.9640599489,"34":0.9640599489,"35":0.9640599489,"36":0.9640599489,"37":0.9640599489,"38":0.9640599489,"39":0.9640599489,"40":0.9640599489,"41":0.9640599489,"42":0.9640599489,"43":0.9640599489,"44":0.9640599489,"45":0.9640599489,"46":0.9640599489,"47":0.9640599489,"48":0.9729243517,"49":0.9640599489},"val_accuracy":{"0":0.3830618262,"1":0.928773284,"2":0.9369181991,"3":0.9369181991,"4":0.9369181991,"5":0.9375,"6":0.9369181991,"7":0.9369181991,"8":0.9369181991,"9":0.9375,"10":0.9369181991,"11":0.9375,"12":0.9375,"13":0.9375,"14":0.9375,"15":0.9375,"16":0.9375,"17":0.9375,"18":0.9375,"19":0.9375,"20":0.9375,"21":0.9375,"22":0.9375,"23":0.9375,"24":0.9375,"25":0.9375,"26":0.9375,"27":0.9375,"28":0.9375,"29":0.9375,"30":0.9369181991,"31":0.9375,"32":0.9375,"33":0.9375,"34":0.9375,"35":0.9375,"36":0.9375,"37":0.9375,"38":0.9375,"39":0.9375,"40":0.9375,"41":0.9375,"42":0.9375,"43":0.9375,"44":0.9375,"45":0.9375,"46":0.9375,"47":0.9375,"48":0.9369181991,"49":0.9375},"epoch":{"0":0,"1":1,"2":2,"3":3,"4":4,"5":5,"6":6,"7":7,"8":8,"9":9,"10":10,"11":11,"12":12,"13":13,"14":14,"15":15,"16":16,"17":17,"18":18,"19":19,"20":20,"21":21,"22":22,"23":23,"24":24,"25":25,"26":26,"27":27,"28":28,"29":29,"30":30,"31":31,"32":32,"33":33,"34":34,"35":35,"36":36,"37":37,"38":38,"39":39,"40":40,"41":41,"42":42,"43":43,"44":44,"45":45,"46":46,"47":47,"48":48,"49":49}}