{"loss":{"0":13.9614343643,"1":13.6075458527,"2":13.5741405487,"3":13.545419693,"4":13.373711586,"5":12.1352319717,"6":11.6335124969,"7":11.6190624237,"8":10.1639995575,"9":10.1252202988,"10":10.2598991394,"11":9.3318891525,"12":8.7447938919,"13":8.0768566132,"14":7.9609928131,"15":8.3165874481,"16":6.4695587158,"17":5.5788984299,"18":5.5417704582,"19":5.1826753616,"20":4.4058885574,"21":4.0502843857,"22":3.2350897789,"23":3.6016554832,"24":2.7690412998,"25":3.1952068806,"26":2.3495953083,"27":2.7129812241,"28":2.5446538925,"29":2.466987133,"30":2.6549212933,"31":2.2688100338,"32":2.0711064339,"33":2.2151763439,"34":2.0212085247,"35":2.0191054344,"36":2.1836771965,"37":1.8597162962,"38":1.9374771118,"39":1.7961537838,"40":1.6014438868,"41":1.712818861,"42":1.8258388042,"43":1.5497546196,"44":1.4972096682,"45":1.4058500528,"46":1.2992126942,"47":1.2955868244,"48":1.2172189951,"49":1.3810712099},"accuracy":{"0":0.0826359838,"1":0.1026041657,"2":0.106250003,"3":0.1098958328,"4":0.1229079515,"5":0.2010416687,"6":0.232031256,"7":0.2302083373,"8":0.3231770694,"9":0.3322916627,"10":0.3231770694,"11":0.3796874881,"12":0.4216145873,"13":0.4653645754,"14":0.4708333313,"15":0.4526041746,"16":0.5729166865,"17":0.6312500238,"18":0.6348958611,"19":0.6513020992,"20":0.7096354365,"21":0.7242187262,"22":0.7880208492,"23":0.7570312619,"24":0.8135416508,"25":0.7855648398,"26":0.8408854008,"27":0.8226562738,"28":0.8335937262,"29":0.8317708373,"30":0.8226562738,"31":0.8463541865,"32":0.8645833135,"33":0.8500000238,"34":0.8645833135,"35":0.8664062619,"36":0.8536458611,"37":0.8736979365,"38":0.8700520992,"39":0.8828125,"40":0.8955729008,"41":0.8846353889,"42":0.8791666627,"43":0.8973958492,"44":0.9008890986,"45":0.9083333611,"46":0.9138020873,"47":0.91015625,"48":0.9192708135,"49":0.9083333611},"val_loss":{"0":14.2961502075,"1":14.2961502075,"2":14.2961502075,"3":14.2961502075,"4":14.2961502075,"5":14.2961502075,"6":14.2961502075,"7":14.2961502075,"8":14.2805671692,"9":14.1837272644,"10":14.1103630066,"11":13.5987443924,"12":12.0873765945,"13":10.5642461777,"14":9.3103103638,"15":8.4213323593,"16":1.6406658888,"17":1.2292404175,"18":1.0991257429,"19":0.981511116,"20":0.9906531572,"21":0.9729243517,"22":0.9729243517,"23":0.9729244113,"24":0.9729244113,"25":0.9640599489,"26":0.9729243517,"27":0.9729244113,"28":0.9729243517,"29":0.9729244113,"30":0.9729244113,"31":0.9729244113,"32":0.9729243517,"33":0.9729243517,"34":0.9729243517,"35":0.9640599489,"36":0.9729244113,"37":0.9729244113,"38":0.9729244113,"39":0.9640599489,"40":0.9638077617,"41":0.9636189938,"42":0.9646242857,"43":0.9640599489,"44":0.9729243517,"45":0.9640599489,"46":0.9640599489,"47":0.9729244113,"48":0.9729244113,"49":0.9729243517},"val_accuracy":{"0":0.0625,"1":0.0625,"2":0.0625,"3":0.0625,"4":0.0625,"5":0.0625,"6":0.0625,"7":0.0625,"8":0.0625,"9":0.0671542585,"10":0.0694813803,"11":0.0939162225,"12":0.1765292585,"13":0.262632966,"14":0.345246017,"15":0.4005152881,"16":0.8857213855,"17":0.9153922796,"18":0.9235372543,"19":0.9357546568,"20":0.9357546568,"21":0.9369181991,"22":0.9369181991,"23":0.9369181991,"24":0.9369181991,"25":0.9375,"26":0.9369181991,"27":0.9369181991,"28":0.9369181991,"29":0.9369181991,"30":0.9369181991,"31":0.9369181991,"32":0.9369181991,"33":0.9369181991,"34":0.9369181991,"35":0.9375,"36":0.9369181991,"37":0.9369181991,"38":0.9369181991,"39":0.9375,"40":0.9375,"41":0.9375,"42":0.9369181991,"43":0.9375,"44":0.9369181991,"45":0.9375,"46":0.9375,"47":0.9369181991,"48":0.9369181991,"49":0.9369181991},"epoch":{"0":0,"1":1,"2":2,"3":3,"4":4,"5":5,"6":6,"7":7,"8":8,"9":9,"10":10,"11":11,"12":12,"13":13,"14":14,"15":15,"16":16,"17":17,"18":18,"19":19,"20":20,"21":21,"22":22,"23":23,"24":24,"25":25,"26":26,"27":27,"28":28,"29":29,"30":30,"31":31,"32":32,"33":33,"34":34,"35":35,"36":36,"37":37,"38":38,"39":39,"40":40,"41":41,"42":42,"43":43,"44":44,"45":45,"46":46,"47":47,"48":48,"49":49}}