{"loss":{"0":2.7349796295,"1":2.1885495186,"2":1.4049105644,"3":1.4044095278,"4":1.2426122427,"5":1.1584115028,"6":1.2119538784,"7":1.2152341604,"8":1.2677879333,"9":1.0986047983,"10":1.211024642,"11":1.2963362932,"12":1.2402019501,"13":1.0726764202,"14":1.2132624388,"15":1.0740348101,"16":1.1268908978,"17":1.0745875835,"18":1.1009494066,"19":0.9884703159,"20":1.0800884962,"21":1.1017199755,"22":1.0445793867,"23":1.1877042055,"24":1.1535303593,"25":1.1302394867,"26":1.0461859703,"27":0.9938227534,"28":1.1307106018,"29":1.1045974493,"30":1.0171568394,"31":1.045866847,"32":0.9911469221,"33":1.0196096897,"34":1.1003096104,"35":1.101962328,"36":1.0473848581,"37":1.0460984707,"38":0.9922392368,"39":0.9928131104,"40":1.0188030005,"41":0.9908742309,"42":1.0516084433,"43":1.0458667278,"44":1.0195467472,"45":1.1029353142,"46":1.0427535772,"47":1.0196096897,"48":1.0187128782,"49":1.1575313807},"accuracy":{"0":0.814853549,"1":0.8500000238,"2":0.9028645754,"3":0.9065104127,"4":0.9156249762,"5":0.9229166508,"6":0.9174479246,"7":0.9156249762,"8":0.9138020873,"9":0.9265624881,"10":0.9210937619,"11":0.9119791389,"12":0.9191945791,"13":0.9283854365,"14":0.9210937619,"15":0.9302083254,"16":0.9247395992,"17":0.9283472896,"18":0.9229166508,"19":0.9338541627,"20":0.9265624881,"21":0.9265624881,"22":0.9320312738,"23":0.9210250974,"24":0.9210937619,"25":0.9247395992,"26":0.9320312738,"27":0.9265624881,"28":0.9265624881,"29":0.9228556752,"30":0.9338541627,"31":0.9302083254,"32":0.9356771111,"33":0.9338541627,"34":0.9283854365,"35":0.9265624881,"36":0.9320312738,"37":0.9283854365,"38":0.9320312738,"39":0.9338541627,"40":0.9338541627,"41":0.9356771111,"42":0.9283854365,"43":0.9320312738,"44":0.9302083254,"45":0.9283854365,"46":0.9302083254,"47":0.9338541627,"48":0.9338389039,"49":0.9247395992},"val_loss":{"0":0.9729244113,"1":0.9640599489,"2":0.9640599489,"3":0.9640599489,"4":0.9640599489,"5":0.9640599489,"6":0.9640599489,"7":0.9640599489,"8":0.9640599489,"9":0.9640599489,"10":0.9640599489,"11":0.9640599489,"12":0.9640599489,"13":0.9640599489,"14":0.9640599489,"15":0.9640599489,"16":0.9640599489,"17":0.9640599489,"18":0.9640599489,"19":0.9640599489,"20":0.9640599489,"21":0.9640599489,"22":0.9640599489,"23":0.9640599489,"24":0.9640599489,"25":0.9640599489,"26":0.9640599489,"27":0.9640599489,"28":0.9640599489,"29":0.9640599489,"30":0.9640599489,"31":0.9640599489,"32":0.9640599489,"33":0.9640599489,"34":0.9640599489,"35":0.9640599489,"36":0.9640599489,"37":0.9640599489,"38":0.9640599489,"39":0.9640599489,"40":0.9640599489,"41":0.9640599489,"42":0.9640599489,"43":0.9640599489,"44":0.9640599489,"45":0.9640599489,"46":0.9640599489,"47":0.9640599489,"48":0.9640599489,"49":0.9640599489},"val_accuracy":{"0":0.9369181991,"1":0.9375,"2":0.9375,"3":0.9375,"4":0.9375,"5":0.9375,"6":0.9375,"7":0.9375,"8":0.9375,"9":0.9375,"10":0.9375,"11":0.9375,"12":0.9375,"13":0.9375,"14":0.9375,"15":0.9375,"16":0.9375,"17":0.9375,"18":0.9375,"19":0.9375,"20":0.9375,"21":0.9375,"22":0.9375,"23":0.9375,"24":0.9375,"25":0.9375,"26":0.9375,"27":0.9375,"28":0.9375,"29":0.9375,"30":0.9375,"31":0.9375,"32":0.9375,"33":0.9375,"34":0.9375,"35":0.9375,"36":0.9375,"37":0.9375,"38":0.9375,"39":0.9375,"40":0.9375,"41":0.9375,"42":0.9375,"43":0.9375,"44":0.9375,"45":0.9375,"46":0.9375,"47":0.9375,"48":0.9375,"49":0.9375},"epoch":{"0":0,"1":1,"2":2,"3":3,"4":4,"5":5,"6":6,"7":7,"8":8,"9":9,"10":10,"11":11,"12":12,"13":13,"14":14,"15":15,"16":16,"17":17,"18":18,"19":19,"20":20,"21":21,"22":22,"23":23,"24":24,"25":25,"26":26,"27":27,"28":28,"29":29,"30":30,"31":31,"32":32,"33":33,"34":34,"35":35,"36":36,"37":37,"38":38,"39":39,"40":40,"41":41,"42":42,"43":43,"44":44,"45":45,"46":46,"47":47,"48":48,"49":49}}