{"loss":{"0":11.0169010162,"1":9.7064857483,"2":8.6028747559,"3":7.0834698677,"4":6.0282373428,"5":5.4442286491,"6":4.4662485123,"7":4.6857981682,"8":2.9969558716,"9":2.6411204338,"10":1.9384564161,"11":1.8197307587,"12":1.8782191277,"13":1.5292135477,"14":1.516313076,"15":1.4602347612,"16":1.6883620024,"17":1.5476125479,"18":1.4095027447,"19":1.5977011919,"20":1.4351027012,"21":1.438013792,"22":1.4653191566,"23":1.4329814911,"24":1.3813205957,"25":1.2683273554,"26":1.547339797,"27":1.2150512934,"28":1.268568635,"29":1.3841478825,"30":1.3245910406,"31":1.2103404999,"32":1.3263581991,"33":2.0761606693,"34":1.7134090662,"35":1.82774508,"36":1.6865400076,"37":1.6306470633,"38":1.51692307,"39":1.6582493782,"40":1.382183075,"41":1.5226209164,"42":1.4873176813,"43":1.4176437855,"44":1.3469815254,"45":1.1557861567,"46":1.3518161774,"47":1.3264656067,"48":1.1583163738,"49":1.2161763906},"accuracy":{"0":0.2601987422,"1":0.3541666567,"2":0.423437506,"3":0.5109375119,"4":0.5947916508,"5":0.6348958611,"6":0.6950520873,"7":0.6841145754,"8":0.7953125238,"9":0.8190104365,"10":0.867939353,"11":0.8809896111,"12":0.8700520992,"13":0.8919270635,"14":0.9010416865,"15":0.9010416865,"16":0.8828125,"17":0.8973958492,"18":0.9065104127,"19":0.8919270635,"20":0.9046875238,"21":0.9010416865,"22":0.9010416865,"23":0.9010416865,"24":0.9082112908,"25":0.9156249762,"26":0.8955729008,"27":0.9138020873,"28":0.9156249762,"29":0.9065104127,"30":0.9119791389,"31":0.9174479246,"32":0.91015625,"33":0.8591145873,"34":0.8846353889,"35":0.8736979365,"36":0.8846353889,"37":0.8844142556,"38":0.8973958492,"39":0.8846353889,"40":0.9065104127,"41":0.8992187381,"42":0.9010416865,"43":0.9027196765,"44":0.9083333611,"45":0.9210937619,"46":0.9119791389,"47":0.9100418687,"48":0.9229166508,"49":0.9192708135},"val_loss":{"0":14.2779426575,"1":14.2699251175,"2":8.2094764709,"3":2.7083342075,"4":1.1584634781,"5":0.9808310866,"6":0.9817888737,"7":0.9726777673,"8":0.9729244113,"9":0.9640599489,"10":0.9640599489,"11":0.9640599489,"12":0.9640599489,"13":0.9640599489,"14":0.9640599489,"15":0.9640599489,"16":0.9640599489,"17":0.9640599489,"18":0.9640599489,"19":0.9640599489,"20":0.9640599489,"21":0.9640599489,"22":0.9640599489,"23":0.9640599489,"24":0.9640599489,"25":0.9640599489,"26":0.9640599489,"27":0.9640599489,"28":0.9640599489,"29":0.9640599489,"30":0.9640599489,"31":0.9640599489,"32":0.9640599489,"33":0.9640599489,"34":0.9640599489,"35":0.9640599489,"36":0.9640599489,"37":0.9640599489,"38":0.9640599489,"39":0.9640599489,"40":0.9640599489,"41":0.9640599489,"42":0.9640599489,"43":0.9640599489,"44":0.9640599489,"45":0.9640599489,"46":0.9640599489,"47":0.9640599489,"48":0.9640599489,"49":0.9640599489},"val_accuracy":{"0":0.0636635646,"1":0.0636635646,"2":0.3865525126,"3":0.7757646441,"4":0.9200465679,"5":0.9357546568,"6":0.9363364577,"7":0.9369181991,"8":0.9369181991,"9":0.9375,"10":0.9375,"11":0.9375,"12":0.9375,"13":0.9375,"14":0.9375,"15":0.9375,"16":0.9375,"17":0.9375,"18":0.9375,"19":0.9375,"20":0.9375,"21":0.9375,"22":0.9375,"23":0.9375,"24":0.9375,"25":0.9375,"26":0.9375,"27":0.9375,"28":0.9375,"29":0.9375,"30":0.9375,"31":0.9375,"32":0.9375,"33":0.9375,"34":0.9375,"35":0.9375,"36":0.9375,"37":0.9375,"38":0.9375,"39":0.9375,"40":0.9375,"41":0.9375,"42":0.9375,"43":0.9375,"44":0.9375,"45":0.9375,"46":0.9375,"47":0.9375,"48":0.9375,"49":0.9375},"epoch":{"0":0,"1":1,"2":2,"3":3,"4":4,"5":5,"6":6,"7":7,"8":8,"9":9,"10":10,"11":11,"12":12,"13":13,"14":14,"15":15,"16":16,"17":17,"18":18,"19":19,"20":20,"21":21,"22":22,"23":23,"24":24,"25":25,"26":26,"27":27,"28":28,"29":29,"30":30,"31":31,"32":32,"33":33,"34":34,"35":35,"36":36,"37":37,"38":38,"39":39,"40":40,"41":41,"42":42,"43":43,"44":44,"45":45,"46":46,"47":47,"48":48,"49":49}}