{"loss":{"0":4.8657650948,"1":1.2050740719},"accuracy":{"0":0.6796875,"1":0.921875},"val_loss":{"0":1.1967411041,"1":1.1967411041},"val_accuracy":{"0":0.9224151969,"1":0.9224151969},"epoch":{"0":0,"1":1}}