{"loss":{"0":2.8514060974,"1":0.9640592337},"accuracy":{"0":0.8062499762,"1":0.9375},"val_loss":{"0":0.9640599489,"1":0.9640599489},"val_accuracy":{"0":0.9375,"1":0.9375},"epoch":{"0":0,"1":1}}