{"loss":{"0":7.4931702614,"1":7.1776304245,"2":4.7745456696,"3":4.2784404755,"4":3.8067922592,"5":2.8262763023,"6":1.7681127787,"7":1.8803527355,"8":1.6285437346,"9":1.4093021154,"10":1.6035314798,"11":1.2616883516,"12":1.2142689228,"13":1.4051326513,"14":1.3271940947,"15":1.1856409311,"16":1.5166300535,"17":1.1127136946,"18":0.96257478,"19":1.0473848581,"20":0.9918344617,"21":0.9636992216,"22":0.965703845,"23":0.9918344617,"24":0.9918344617,"25":0.9918344617,"26":0.9909065366,"27":1.0196096897,"28":0.9644479156,"29":1.0477334261,"30":1.0196096897,"31":1.0196096897,"32":0.9995601177,"33":0.9691237211,"34":0.9640592337,"35":0.9907418489,"36":0.9640592337,"37":1.0203773975,"38":0.9919506311,"39":0.9640592337,"40":0.9640592337,"41":0.9640592337,"42":0.9918344617,"43":0.9640592337,"44":0.9640592337,"45":1.0196096897,"46":0.9918344617,"47":0.9640592337,"48":0.9625452161,"49":0.9918344617},"accuracy":{"0":0.494531244,"1":0.5218750238,"2":0.6695312262,"3":0.7050209045,"4":0.7388020754,"5":0.8044270873,"6":0.8809896111,"7":0.8736979365,"8":0.8901041746,"9":0.9046875238,"10":0.8953974843,"11":0.9174479246,"12":0.9174479246,"13":0.9028645754,"14":0.9045501947,"15":0.9210250974,"16":0.8992187381,"17":0.9265167117,"18":0.9375,"19":0.9320312738,"20":0.9356771111,"21":0.9356771111,"22":0.9356771111,"23":0.9356771111,"24":0.9356771111,"25":0.9356771111,"26":0.9356771111,"27":0.9338541627,"28":0.9356771111,"29":0.9320083857,"30":0.9338541627,"31":0.9338541627,"32":0.9338541627,"33":0.9356771111,"34":0.9375,"35":0.9356771111,"36":0.9375,"37":0.9302083254,"38":0.9356694818,"39":0.9375,"40":0.9375,"41":0.9375,"42":0.9356771111,"43":0.9375,"44":0.9375,"45":0.9338541627,"46":0.9356771111,"47":0.9375,"48":0.9375,"49":0.9356771111},"val_loss":{"0":5.5777401924,"1":4.332212925,"2":1.0468010902,"3":0.9732004404,"4":0.9636966586,"5":0.9640599489,"6":0.9640599489,"7":0.9640599489,"8":0.9640599489,"9":0.9640599489,"10":0.9640599489,"11":0.9640599489,"12":0.9640599489,"13":0.9640599489,"14":0.9640599489,"15":0.9640599489,"16":0.9640599489,"17":0.9640599489,"18":0.9640599489,"19":0.9640599489,"20":0.9640599489,"21":0.9640599489,"22":0.9640599489,"23":0.9640599489,"24":0.9640599489,"25":0.9640599489,"26":0.9640599489,"27":0.9640599489,"28":0.9640599489,"29":0.9640599489,"30":0.9640599489,"31":0.9640599489,"32":0.9640599489,"33":0.9640599489,"34":0.9640599489,"35":0.9640599489,"36":0.9640599489,"37":0.9640599489,"38":0.9640599489,"39":0.9640599489,"40":0.9640599489,"41":0.9640599489,"42":0.9640599489,"43":0.9640599489,"44":0.9640599489,"45":0.9640599489,"46":0.9640599489,"47":0.9640599489,"48":0.9640599489,"49":0.9640599489},"val_accuracy":{"0":0.5651595592,"1":0.6582446694,"2":0.9276096821,"3":0.9363364577,"4":0.9375,"5":0.9375,"6":0.9375,"7":0.9375,"8":0.9375,"9":0.9375,"10":0.9375,"11":0.9375,"12":0.9375,"13":0.9375,"14":0.9375,"15":0.9375,"16":0.9375,"17":0.9375,"18":0.9375,"19":0.9375,"20":0.9375,"21":0.9375,"22":0.9375,"23":0.9375,"24":0.9375,"25":0.9375,"26":0.9375,"27":0.9375,"28":0.9375,"29":0.9375,"30":0.9375,"31":0.9375,"32":0.9375,"33":0.9375,"34":0.9375,"35":0.9375,"36":0.9375,"37":0.9375,"38":0.9375,"39":0.9375,"40":0.9375,"41":0.9375,"42":0.9375,"43":0.9375,"44":0.9375,"45":0.9375,"46":0.9375,"47":0.9375,"48":0.9375,"49":0.9375},"epoch":{"0":0,"1":1,"2":2,"3":3,"4":4,"5":5,"6":6,"7":7,"8":8,"9":9,"10":10,"11":11,"12":12,"13":13,"14":14,"15":15,"16":16,"17":17,"18":18,"19":19,"20":20,"21":21,"22":22,"23":23,"24":24,"25":25,"26":26,"27":27,"28":28,"29":29,"30":30,"31":31,"32":32,"33":33,"34":34,"35":35,"36":36,"37":37,"38":38,"39":39,"40":40,"41":41,"42":42,"43":43,"44":44,"45":45,"46":46,"47":47,"48":48,"49":49}}