{"loss":{"0":3.8524169922,"1":0.9640592337},"accuracy":{"0":0.7333333492,"1":0.9375},"val_loss":{"0":0.9640599489,"1":0.9640599489},"val_accuracy":{"0":0.9375,"1":0.9375},"epoch":{"0":0,"1":1}}