{"loss":{"0":0.3933760822,"1":0.3073859811},"accuracy":{"0":0.8864583373,"1":0.9375},"val_loss":{"0":0.3177948892,"1":0.3110147119},"val_accuracy":{"0":0.9375,"1":0.9375},"epoch":{"0":0,"1":1}}