{"loss":{"0":0.6195881963,"1":0.615983367,"2":0.6168025732,"3":0.6286630034,"4":0.6222780943,"5":0.6121124029,"6":0.6127688289,"7":0.6225975752,"8":0.6053289771,"9":0.603420794,"10":0.6072499752,"11":0.5816238523,"12":0.6173616648,"13":0.6113469601,"14":0.6178716421,"15":0.6097912192,"16":0.6014912724,"17":0.6021744609,"18":0.6000561118,"19":0.5876079798,"20":0.5865929723,"21":0.5914999247,"22":0.6076479554,"23":0.6153510809,"24":0.5740455985,"25":0.6091400385,"26":0.6071670055,"27":0.5871369243,"28":0.609619379,"29":0.5971984863,"30":0.586184144,"31":0.6025367379,"32":0.5998008847,"33":0.5818446875,"34":0.5712642074,"35":0.5868240595,"36":0.5902165771,"37":0.5978435278,"38":0.5942441225,"39":0.5990678072,"40":0.5796095729,"41":0.5810685754,"42":0.5905867815,"43":0.558847785,"44":0.5791588426,"45":0.579621017,"46":0.5789495111,"47":0.5911044478,"48":0.5801512599,"49":0.5594080687},"accuracy":{"0":0.6294270754,"1":0.6695312262,"2":0.6513020992,"3":0.6494791508,"4":0.6403645873,"5":0.6421874762,"6":0.6665794849,"7":0.6640625,"8":0.6932291389,"9":0.6622396111,"10":0.6804687381,"11":0.71875,"12":0.6640625,"13":0.6713541746,"14":0.6677083373,"15":0.6750000119,"16":0.6768229008,"17":0.6877604127,"18":0.6531249881,"19":0.7114583254,"20":0.6768229008,"21":0.6841145754,"22":0.6750000119,"23":0.63671875,"24":0.7105125785,"25":0.6986979246,"26":0.6804687381,"27":0.6968749762,"28":0.6677083373,"29":0.6859375238,"30":0.69140625,"31":0.6822916865,"32":0.6804687381,"33":0.6968749762,"34":0.7096354365,"35":0.7005208135,"36":0.6848849654,"37":0.6968749762,"38":0.6640625,"39":0.6841145754,"40":0.6968749762,"41":0.7242187262,"42":0.6885460019,"43":0.7369791865,"44":0.7005208135,"45":0.7041666508,"46":0.7050209045,"47":0.6695312262,"48":0.7023437619,"49":0.7151041627},"val_loss":{"0":0.556415081,"1":0.5555552244,"2":0.5546366572,"3":0.5537020564,"4":0.5528020859,"5":0.551903069,"6":0.5510183573,"7":0.5501514077,"8":0.5492787361,"9":0.5483964086,"10":0.5474936962,"11":0.5467195511,"12":0.5458065867,"13":0.5449050665,"14":0.5440577865,"15":0.5431604385,"16":0.5423007607,"17":0.5414378643,"18":0.5405718088,"19":0.5397660732,"20":0.5389439464,"21":0.5381423831,"22":0.5372598767,"23":0.5363895297,"24":0.5355934501,"25":0.5347793102,"26":0.5339024067,"27":0.5330407619,"28":0.5322124362,"29":0.5313339829,"30":0.5305572748,"31":0.5297403932,"32":0.5288677812,"33":0.5280883312,"34":0.5272794962,"35":0.5264866352,"36":0.5256366134,"37":0.524857223,"38":0.5240480304,"39":0.5232413411,"40":0.5224446058,"41":0.52168715,"42":0.5208940506,"43":0.5201613903,"44":0.5193094015,"45":0.5185334086,"46":0.517786622,"47":0.5169627666,"48":0.5162564516,"49":0.515479207},"val_accuracy":{"0":0.9375,"1":0.9375,"2":0.9375,"3":0.9375,"4":0.9375,"5":0.9375,"6":0.9375,"7":0.9375,"8":0.9375,"9":0.9375,"10":0.9375,"11":0.9375,"12":0.9375,"13":0.9375,"14":0.9375,"15":0.9375,"16":0.9375,"17":0.9375,"18":0.9375,"19":0.9375,"20":0.9375,"21":0.9375,"22":0.9375,"23":0.9375,"24":0.9375,"25":0.9375,"26":0.9375,"27":0.9375,"28":0.9375,"29":0.9375,"30":0.9375,"31":0.9375,"32":0.9375,"33":0.9375,"34":0.9375,"35":0.9375,"36":0.9375,"37":0.9375,"38":0.9375,"39":0.9375,"40":0.9375,"41":0.9375,"42":0.9375,"43":0.9375,"44":0.9375,"45":0.9375,"46":0.9375,"47":0.9375,"48":0.9375,"49":0.9375},"epoch":{"0":0,"1":1,"2":2,"3":3,"4":4,"5":5,"6":6,"7":7,"8":8,"9":9,"10":10,"11":11,"12":12,"13":13,"14":14,"15":15,"16":16,"17":17,"18":18,"19":19,"20":20,"21":21,"22":22,"23":23,"24":24,"25":25,"26":26,"27":27,"28":28,"29":29,"30":30,"31":31,"32":32,"33":33,"34":34,"35":35,"36":36,"37":37,"38":38,"39":39,"40":40,"41":41,"42":42,"43":43,"44":44,"45":45,"46":46,"47":47,"48":48,"49":49}}