{"loss":{"0":0.9328510165,"1":0.9602794647},"accuracy":{"0":0.9010416865,"1":0.9156249762},"val_loss":{"0":0.9640599489,"1":0.9640599489},"val_accuracy":{"0":0.9375,"1":0.9375},"epoch":{"0":0,"1":1}}