{"loss":{"0":0.8724598289,"1":0.8529911041,"2":0.8821915388,"3":0.8950710297,"4":0.8590473533,"5":0.8739347458,"6":0.8860426545,"7":0.8799501061,"8":0.8766084909,"9":0.8720562458,"10":0.8672688603,"11":0.8736162782,"12":0.8912966251,"13":0.864651382,"14":0.881552279,"15":0.8935575485,"16":0.8987390399,"17":0.8866070509,"18":0.8774266839,"19":0.8577571511,"20":0.8887851238,"21":0.8671710491,"22":0.9050509334,"23":0.8695679307,"24":0.8659812212,"25":0.8800747991,"26":0.8638812304,"27":0.8784536123,"28":0.8881906867,"29":0.8963747621,"30":0.8695620298,"31":0.8809090257,"32":0.8896701336,"33":0.8691988587,"34":0.8958589435,"35":0.8784683347,"36":0.8822270632,"37":0.8554265499,"38":0.8869331479,"39":0.8460033536,"40":0.8570250869,"41":0.8895696998,"42":0.8799629211,"43":0.8730012178,"44":0.8828957677,"45":0.8898057938,"46":0.8681918979,"47":0.8699176311,"48":0.8859966397,"49":0.8870168328},"accuracy":{"0":0.8955729008,"1":0.8864583373,"2":0.8901041746,"3":0.8901041746,"4":0.8919270635,"5":0.8700520992,"6":0.8901041746,"7":0.8901041746,"8":0.8901041746,"9":0.8882812262,"10":0.9065104127,"11":0.8919270635,"12":0.8955729008,"13":0.9010416865,"14":0.9010416865,"15":0.8864583373,"16":0.8755208254,"17":0.8825836778,"18":0.91015625,"19":0.8846353889,"20":0.8755208254,"21":0.8864583373,"22":0.8864583373,"23":0.9046875238,"24":0.8901041746,"25":0.8919270635,"26":0.8919270635,"27":0.8973958492,"28":0.8901041746,"29":0.9083333611,"30":0.8919270635,"31":0.9119791389,"32":0.8882812262,"33":0.8973958492,"34":0.8846353889,"35":0.8846353889,"36":0.8809896111,"37":0.8937500119,"38":0.8846353889,"39":0.9119791389,"40":0.8901041746,"41":0.9028645754,"42":0.9065104127,"43":0.8901041746,"44":0.8937500119,"45":0.8992187381,"46":0.9046875238,"47":0.9119791389,"48":0.8809896111,"49":0.8901041746},"val_loss":{"0":0.9608904123,"1":0.9619201422,"2":0.9567180276,"3":0.958984375,"4":0.9588135481,"5":0.95903337,"6":0.9589579701,"7":0.9614038467,"8":0.9623016715,"9":0.9589074254,"10":0.9604645371,"11":0.9617726803,"12":0.9603818655,"13":0.9614773393,"14":0.9622286558,"15":0.9602939487,"16":0.9604057074,"17":0.9613106847,"18":0.9543059468,"19":0.9581792951,"20":0.9568147659,"21":0.9574571252,"22":0.9584805965,"23":0.9603962898,"24":0.9586543441,"25":0.9606440067,"26":0.9596481323,"27":0.9604153633,"28":0.9585478902,"29":0.9590705633,"30":0.9581142068,"31":0.959864378,"32":0.9595970511,"33":0.9584527612,"34":0.957110703,"35":0.9581634998,"36":0.959531486,"37":0.9603709579,"38":0.9603457451,"39":0.9598114491,"40":0.9604133368,"41":0.9607234001,"42":0.9578176737,"43":0.9631868601,"44":0.9622959495,"45":0.9589922428,"46":0.9603231549,"47":0.9618579149,"48":0.9631045461,"49":0.9626769423},"val_accuracy":{"0":0.9375,"1":0.9375,"2":0.9375,"3":0.9375,"4":0.9375,"5":0.9375,"6":0.9375,"7":0.9375,"8":0.9375,"9":0.9375,"10":0.9375,"11":0.9369181991,"12":0.9375,"13":0.9375,"14":0.9375,"15":0.9375,"16":0.9375,"17":0.9375,"18":0.9375,"19":0.9375,"20":0.9375,"21":0.9375,"22":0.9375,"23":0.9375,"24":0.9375,"25":0.9375,"26":0.9375,"27":0.9375,"28":0.9375,"29":0.9375,"30":0.9375,"31":0.9375,"32":0.9375,"33":0.9375,"34":0.9375,"35":0.9375,"36":0.9375,"37":0.9375,"38":0.9375,"39":0.9375,"40":0.9375,"41":0.9375,"42":0.9375,"43":0.9375,"44":0.9375,"45":0.9375,"46":0.9375,"47":0.9375,"48":0.9375,"49":0.9375},"epoch":{"0":0,"1":1,"2":2,"3":3,"4":4,"5":5,"6":6,"7":7,"8":8,"9":9,"10":10,"11":11,"12":12,"13":13,"14":14,"15":15,"16":16,"17":17,"18":18,"19":19,"20":20,"21":21,"22":22,"23":23,"24":24,"25":25,"26":26,"27":27,"28":28,"29":29,"30":30,"31":31,"32":32,"33":33,"34":34,"35":35,"36":36,"37":37,"38":38,"39":39,"40":40,"41":41,"42":42,"43":43,"44":44,"45":45,"46":46,"47":47,"48":48,"49":49}}